Ground Truth Position,Prediction Position,RSSI Value 1,RSSI Value 2,RSSI Value 3,RSSI Value 4,RSSI Value 5,RSSI Value 6
301,301,0.8,0.6909090909090909,0.6909090909090909,0.6909090909090909,0.6909090909090909,0.6909090909090909
401,301,0.8727272727272727,0.6909090909090909,0.6909090909090909,0.6909090909090909,0.6909090909090909,0.6909090909090909
501,301,0.8909090909090909,0.6909090909090909,0.6909090909090909,0.6909090909090909,0.6909090909090909,0.6909090909090909
601,301,0.9454545454545454,0.6909090909090909,0.6909090909090909,0.6909090909090909,0.6909090909090909,0.6909090909090909
701,301,0.8363636363636363,0.6909090909090909,0.6909090909090909,0.6909090909090909,0.6909090909090909,0.6909090909090909
801,301,0.8363636363636363,0.6909090909090909,0.6909090909090909,0.6909090909090909,0.6909090909090909,0.6909090909090909
901,301,0.7636363636363637,0.6909090909090909,0.6909090909090909,0.6909090909090909,0.6909090909090909,0.6909090909090909
